file_name,num_pickles,pickle_files,file_size
00307dfd-9e26-4728-abad-24cbc5ca7b0b.zip.7z,3,kinggothalion.pkl,33042321
00307dfd-9e26-4728-abad-24cbc5ca7b0b.zip.7z,3,kingrichard.pkl,33042321
00307dfd-9e26-4728-abad-24cbc5ca7b0b.zip.7z,3,tfue.pkl,33042321
2d6c9cb1-2232-4760-bb41-deb856735618.zip.7z,3,kingrichard.pkl,28148021
2d6c9cb1-2232-4760-bb41-deb856735618.zip.7z,3,tfue.pkl,28148021
2d6c9cb1-2232-4760-bb41-deb856735618.zip.7z,3,grimmmz.pkl,28148021
7258afa9-46ca-47bd-9843-b01bc4624100.zip.7z,3,savjz.pkl,19917982
7258afa9-46ca-47bd-9843-b01bc4624100.zip.7z,3,iwilldominate.pkl,19917982
7258afa9-46ca-47bd-9843-b01bc4624100.zip.7z,3,sacriel.pkl,19917982
c0499374-8046-47d7-bc41-d6962b0dfcd4.zip.7z,2,tsm_viss.pkl,28793878
c0499374-8046-47d7-bc41-d6962b0dfcd4.zip.7z,2,kinggothalion.pkl,28793878
d102c848-bb0f-4b19-ad34-fa064363c900.zip.7z,2,savjz.pkl,16327294
d102c848-bb0f-4b19-ad34-fa064363c900.zip.7z,2,iwilldominate.pkl,16327294
7f5cb15e-1c78-4d84-a834-23dc25fdf16f.zip.7z,2,scarra.pkl,23666641
7f5cb15e-1c78-4d84-a834-23dc25fdf16f.zip.7z,2,c9sneaky.pkl,23666641
ca70ac98-26cd-4311-943c-24356372472c.zip.7z,2,sacriel.pkl,11526064
ca70ac98-26cd-4311-943c-24356372472c.zip.7z,2,kingrichard.pkl,11526064
3153ec85-27f7-4111-a13d-9682d175b3b2.zip.7z,1,kinggothalion.pkl,15663030
db3ee0a2-4a8b-4a4d-8a5b-20490c2facfb.zip.7z,2,sacriel.pkl,18808045
db3ee0a2-4a8b-4a4d-8a5b-20490c2facfb.zip.7z,2,kinggothalion.pkl,18808045
1d8e83bc-ed11-4e92-b86a-1cb70c7e41ca.zip.7z,2,tsm_viss.pkl,28750160
1d8e83bc-ed11-4e92-b86a-1cb70c7e41ca.zip.7z,2,kinggothalion.pkl,28750160
1581c4cf-9bb9-487c-9c7d-59d01fdb6b81.zip.7z,1,c9sneaky.pkl,11960562
7009b424-fa10-4c79-b07d-80d7905fd451.zip.7z,3,kingrichard.pkl,32855246
7009b424-fa10-4c79-b07d-80d7905fd451.zip.7z,3,tfue.pkl,32855246
7009b424-fa10-4c79-b07d-80d7905fd451.zip.7z,3,kinggothalion.pkl,32855246
e9013294-8ce3-4672-9e18-4aabf8ae8939.zip.7z,1,sacriel.pkl,3344314
f750c03f-e649-4a72-8cde-0654fb05d54f.zip.7z,1,sacriel.pkl,3388022
ae4d7711-b24c-4136-a9e3-36ebaf228b6c.zip.7z,3,savjz.pkl,19307964
ae4d7711-b24c-4136-a9e3-36ebaf228b6c.zip.7z,3,c9sneaky.pkl,19307964
ae4d7711-b24c-4136-a9e3-36ebaf228b6c.zip.7z,3,bmkibler.pkl,19307964
ffa002ca-0af4-462c-b674-3e93af0ba6b1.zip.7z,1,grimmmz.pkl,10945106
04ed6d6d-f6a0-4199-b50a-a20fbdf83fd8.zip.7z,2,kingrichard.pkl,17213409
04ed6d6d-f6a0-4199-b50a-a20fbdf83fd8.zip.7z,2,followgrubby.pkl,17213409
b1d33851-1c7f-4dd1-b342-15146ff85c26.zip.7z,2,iwilldominate.pkl,27279012
b1d33851-1c7f-4dd1-b342-15146ff85c26.zip.7z,2,kinggothalion.pkl,27279012
d7a7a666-4de5-4e3d-a1ad-8f34593a68e3.zip.7z,1,followgrubby.pkl,8904573
291980c7-ba6a-4e84-951c-d54e5e8c45cc.zip.7z,1,p4wnyhof.pkl,9076023
5fd14438-1316-4929-ae50-760e7d651282.zip.7z,1,iwilldominate.pkl,11634061
e4c020ac-93b5-4f4c-837a-a201353e1246.zip.7z,3,grimmmz.pkl,27938427
e4c020ac-93b5-4f4c-837a-a201353e1246.zip.7z,3,followgrubby.pkl,27938427
e4c020ac-93b5-4f4c-837a-a201353e1246.zip.7z,3,kingrichard.pkl,27938427
b8a6f828-37c7-416f-9687-53fc5803d74a.zip.7z,1,kinggothalion.pkl,15628313
f6b78344-5417-481d-8434-94458477ce0d.zip.7z,3,tfue.pkl,36229652
f6b78344-5417-481d-8434-94458477ce0d.zip.7z,3,iwilldominate.pkl,36229652
f6b78344-5417-481d-8434-94458477ce0d.zip.7z,3,kinggothalion.pkl,36229652
1d46ddea-4928-4050-b7e6-e511bd9a86e9.zip.7z,1,kingrichard.pkl,8237475
e888c98c-527f-471c-8313-472e14da11d6.zip.7z,2,followgrubby.pkl,24487497
e888c98c-527f-471c-8313-472e14da11d6.zip.7z,2,kinggothalion.pkl,24487497
b228ae45-c299-4f09-b18f-8624511000c5.zip.7z,1,c9sneaky.pkl,11808363
8e831cf4-a9f5-4fd6-8a4b-645c35402583.zip.7z,1,p4wnyhof.pkl,9077760
bd6f669f-2a27-46d0-b078-dbf72167cf80.zip.7z,3,kingrichard.pkl,29043573
bd6f669f-2a27-46d0-b078-dbf72167cf80.zip.7z,3,followgrubby.pkl,29043573
bd6f669f-2a27-46d0-b078-dbf72167cf80.zip.7z,3,c9sneaky.pkl,29043573
316e0cb8-4847-41d0-a905-42bdbe4cbe51.zip.7z,2,bmkibler.pkl,11863908
316e0cb8-4847-41d0-a905-42bdbe4cbe51.zip.7z,2,tfue.pkl,11863908
4a77ff00-fa36-470c-9dda-ebcd14b294e4.zip.7z,1,iwilldominate.pkl,11604769
ca09f81a-b310-4358-80e0-8ee0da59da13.zip.7z,3,iwilldominate.pkl,29439879
ca09f81a-b310-4358-80e0-8ee0da59da13.zip.7z,3,savjz.pkl,29439879
ca09f81a-b310-4358-80e0-8ee0da59da13.zip.7z,3,tsm_viss.pkl,29439879
df279b15-0372-4eec-8018-443082af85d8.zip.7z,3,kingrichard.pkl,30328405
df279b15-0372-4eec-8018-443082af85d8.zip.7z,3,tsm_viss.pkl,30328405
df279b15-0372-4eec-8018-443082af85d8.zip.7z,3,followgrubby.pkl,30328405
903dca29-c185-4914-bbdc-cdb3d89df416.zip.7z,1,c9sneaky.pkl,11962915
d2a6a8f9-350c-40b0-b226-4460213f592e.zip.7z,3,bmkibler.pkl,15619171
d2a6a8f9-350c-40b0-b226-4460213f592e.zip.7z,3,savjz.pkl,15619171
d2a6a8f9-350c-40b0-b226-4460213f592e.zip.7z,3,kingrichard.pkl,15619171
4f0f47be-e9e0-4832-b630-f0673d9071db.zip.7z,1,savjz.pkl,4737596
ea4264f6-2331-45e1-9504-62352a741821.zip.7z,2,sacriel.pkl,12610619
ea4264f6-2331-45e1-9504-62352a741821.zip.7z,2,p4wnyhof.pkl,12610619
66ce523f-03fb-4cef-8f9e-8df7939f45dd.zip.7z,3,tfue.pkl,31393552
66ce523f-03fb-4cef-8f9e-8df7939f45dd.zip.7z,3,tsm_viss.pkl,31393552
66ce523f-03fb-4cef-8f9e-8df7939f45dd.zip.7z,3,followgrubby.pkl,31393552
65b4cdaa-2494-463b-ad4c-22415ce8c466.zip.7z,1,p4wnyhof.pkl,9081509
ef9d6140-a56b-4b35-8ef5-d7a2099bbca5.zip.7z,1,c9sneaky.pkl,11773783
95233211-2fd1-4c14-90ba-e51897c3990a.zip.7z,3,followgrubby.pkl,29856958
95233211-2fd1-4c14-90ba-e51897c3990a.zip.7z,3,c9sneaky.pkl,29856958
95233211-2fd1-4c14-90ba-e51897c3990a.zip.7z,3,tfue.pkl,29856958
678750f6-22e6-4469-aa5a-84facf6107ec.zip.7z,1,p4wnyhof.pkl,9060599
65eb3211-b800-4744-802c-94e12d5bbcdb.zip.7z,3,scarra.pkl,23527708
65eb3211-b800-4744-802c-94e12d5bbcdb.zip.7z,3,bmkibler.pkl,23527708
65eb3211-b800-4744-802c-94e12d5bbcdb.zip.7z,3,tfue.pkl,23527708
cc5e6d4e-a45d-47a1-a418-59e1f4945c3a.zip.7z,1,c9sneaky.pkl,11961325
a385717c-b67c-464f-9ca5-f17a219decc2.zip.7z,3,tsm_viss.pkl,28423915
a385717c-b67c-464f-9ca5-f17a219decc2.zip.7z,3,scarra.pkl,28423915
a385717c-b67c-464f-9ca5-f17a219decc2.zip.7z,3,sacriel.pkl,28423915
970dfc5d-a4c2-49d0-b316-2847e54a7c11.zip.7z,2,c9sneaky.pkl,16700535
970dfc5d-a4c2-49d0-b316-2847e54a7c11.zip.7z,2,savjz.pkl,16700535
56f00733-fb2e-407e-94f5-c309f08b1a56.zip.7z,3,tsm_viss.pkl,35877957
56f00733-fb2e-407e-94f5-c309f08b1a56.zip.7z,3,grimmmz.pkl,35877957
56f00733-fb2e-407e-94f5-c309f08b1a56.zip.7z,3,c9sneaky.pkl,35877957
8e34c75b-b901-4607-8e29-381cdd5ad1c9.zip.7z,1,iwilldominate.pkl,11607328
c63b8687-a9e3-46f7-b1d8-3359fadc0dd0.zip.7z,3,bmkibler.pkl,23660150
c63b8687-a9e3-46f7-b1d8-3359fadc0dd0.zip.7z,3,scarra.pkl,23660150
c63b8687-a9e3-46f7-b1d8-3359fadc0dd0.zip.7z,3,tfue.pkl,23660150
2d394caa-5d8c-4c7c-9e13-21181804fb08.zip.7z,2,followgrubby.pkl,18085136
2d394caa-5d8c-4c7c-9e13-21181804fb08.zip.7z,2,p4wnyhof.pkl,18085136
19cb3c46-8c38-4cce-8718-ad8c66025b1c.zip.7z,2,grimmmz.pkl,22720022
19cb3c46-8c38-4cce-8718-ad8c66025b1c.zip.7z,2,c9sneaky.pkl,22720022
18521130-823e-4e2d-8057-214543404639.zip.7z,1,c9sneaky.pkl,11968320
f970e102-df62-4ffd-99e2-a77d2aaca8c4.zip.7z,1,savjz.pkl,4757045
e5e2facb-5940-4f59-8b83-df26c6cc6935.zip.7z,3,c9sneaky.pkl,34752040
e5e2facb-5940-4f59-8b83-df26c6cc6935.zip.7z,3,grimmmz.pkl,34752040
e5e2facb-5940-4f59-8b83-df26c6cc6935.zip.7z,3,scarra.pkl,34752040
255beaee-50a6-4bfc-a5f2-e8a7ed7e7423.zip.7z,3,iwilldominate.pkl,23092710
255beaee-50a6-4bfc-a5f2-e8a7ed7e7423.zip.7z,3,kingrichard.pkl,23092710
255beaee-50a6-4bfc-a5f2-e8a7ed7e7423.zip.7z,3,sacriel.pkl,23092710
26289c31-fb90-4f59-aa29-a0cec7e47272.zip.7z,3,tfue.pkl,25773508
26289c31-fb90-4f59-aa29-a0cec7e47272.zip.7z,3,tsm_viss.pkl,25773508
26289c31-fb90-4f59-aa29-a0cec7e47272.zip.7z,3,sacriel.pkl,25773508
7c494a3e-945f-4abd-9d59-217b752e7cd4.zip.7z,1,sacriel.pkl,3347061
72d53c7a-9a5c-4ffd-ac9b-2b056f295507.zip.7z,1,bmkibler.pkl,2746237
ee00487e-ce23-43b7-913c-106dfb671924.zip.7z,3,grimmmz.pkl,32258611
ee00487e-ce23-43b7-913c-106dfb671924.zip.7z,3,tsm_viss.pkl,32258611
ee00487e-ce23-43b7-913c-106dfb671924.zip.7z,3,kingrichard.pkl,32258611
56f524f0-e2c9-40a3-8db9-8cbe069d04cb.zip.7z,3,tfue.pkl,29765350
56f524f0-e2c9-40a3-8db9-8cbe069d04cb.zip.7z,3,iwilldominate.pkl,29765350
56f524f0-e2c9-40a3-8db9-8cbe069d04cb.zip.7z,3,p4wnyhof.pkl,29765350
1f8dca56-c93b-44c0-87f0-e8960f6239b1.zip.7z,1,iwilldominate.pkl,11615384
a59842a2-ea89-4884-9105-61f4107c8162.zip.7z,3,bmkibler.pkl,21040412
a59842a2-ea89-4884-9105-61f4107c8162.zip.7z,3,tfue.pkl,21040412
a59842a2-ea89-4884-9105-61f4107c8162.zip.7z,3,p4wnyhof.pkl,21040412
d8fd901f-45e8-4552-9da1-6d1832fb6ab7.zip.7z,3,tsm_viss.pkl,35841207
d8fd901f-45e8-4552-9da1-6d1832fb6ab7.zip.7z,3,c9sneaky.pkl,35841207
d8fd901f-45e8-4552-9da1-6d1832fb6ab7.zip.7z,3,grimmmz.pkl,35841207
e6168687-96eb-4b0c-940b-bb9dd6fa7bd7.zip.7z,1,kinggothalion.pkl,15629506
fe122629-d506-4501-b125-505ee9ba1ec7.zip.7z,1,grimmmz.pkl,10843465
7aa3d067-ea77-4ff7-9471-e1005acbe271.zip.7z,2,iwilldominate.pkl,16314044
7aa3d067-ea77-4ff7-9471-e1005acbe271.zip.7z,2,savjz.pkl,16314044
193df49b-5f86-4e3c-90ac-9ba83d44eec0.zip.7z,1,bmkibler.pkl,2751143
0868014b-0b97-42c4-85a0-d51a25617667.zip.7z,2,kinggothalion.pkl,27603838
0868014b-0b97-42c4-85a0-d51a25617667.zip.7z,2,scarra.pkl,27603838
5fdd5663-4025-43fd-a80f-a2391f2b0e86.zip.7z,2,p4wnyhof.pkl,20990717
5fdd5663-4025-43fd-a80f-a2391f2b0e86.zip.7z,2,scarra.pkl,20990717
70d7e172-7818-4fb9-96c9-d3ab34d9cc93.zip.7z,3,tsm_viss.pkl,37827286
70d7e172-7818-4fb9-96c9-d3ab34d9cc93.zip.7z,3,kinggothalion.pkl,37827286
70d7e172-7818-4fb9-96c9-d3ab34d9cc93.zip.7z,3,p4wnyhof.pkl,37827286
53a6fd33-e320-434f-b156-f9081349327e.zip.7z,3,c9sneaky.pkl,28364688
53a6fd33-e320-434f-b156-f9081349327e.zip.7z,3,savjz.pkl,28364688
53a6fd33-e320-434f-b156-f9081349327e.zip.7z,3,iwilldominate.pkl,28364688
1a949728-b3b0-40c4-a828-2f54d88dbf69.zip.7z,2,sacriel.pkl,8029161
1a949728-b3b0-40c4-a828-2f54d88dbf69.zip.7z,2,savjz.pkl,8029161
8a5e9eee-3052-4b67-b46e-a10bfccc0295.zip.7z,1,grimmmz.pkl,10847488
45549b5f-f197-411d-8854-30fcbe56acd5.zip.7z,1,c9sneaky.pkl,11957994
7be79b82-a05a-4b09-8eab-821d17cd9881.zip.7z,2,tsm_viss.pkl,16606351
7be79b82-a05a-4b09-8eab-821d17cd9881.zip.7z,2,sacriel.pkl,16606351
713096eb-eaec-4363-873e-5ab5c8169941.zip.7z,1,bmkibler.pkl,2751162
5cf5b1b3-f993-407e-b030-50fc02223fda.zip.7z,2,scarra.pkl,23458607
5cf5b1b3-f993-407e-b030-50fc02223fda.zip.7z,2,iwilldominate.pkl,23458607
d03a38e2-d80e-42ef-a3d0-d7dd2807a4d8.zip.7z,1,grimmmz.pkl,10834301
a83c6d1a-e507-4b07-945a-790e1e96c25e.zip.7z,1,tfue.pkl,9045784
a19238f8-1326-4f4b-b83e-dbdcbd906709.zip.7z,1,followgrubby.pkl,8913415
f6e47512-12c5-4452-a9a1-a97c2e064856.zip.7z,1,grimmmz.pkl,10839457
1b177e14-72ed-457f-9d23-798321cfe155.zip.7z,2,sacriel.pkl,18793194
1b177e14-72ed-457f-9d23-798321cfe155.zip.7z,2,kinggothalion.pkl,18793194
df872bd1-7226-42d5-b740-3bfe656efe11.zip.7z,1,grimmmz.pkl,10829505
211176cf-789a-4643-ad3a-f4ba664fa4e8.zip.7z,1,sacriel.pkl,3342394
02743a64-d30b-4507-93c3-1078e132e8ff.zip.7z,1,tsm_viss.pkl,13269055
a161a711-db3d-486b-aa1b-86278852a80c.zip.7z,1,savjz.pkl,4724393
533fe0c0-a1fb-4565-9a97-a47759e0a03a.zip.7z,2,c9sneaky.pkl,23560411
533fe0c0-a1fb-4565-9a97-a47759e0a03a.zip.7z,2,iwilldominate.pkl,23560411
30992f16-74d1-4c87-bd36-db83eb27c401.zip.7z,3,p4wnyhof.pkl,29121137
30992f16-74d1-4c87-bd36-db83eb27c401.zip.7z,3,kingrichard.pkl,29121137
30992f16-74d1-4c87-bd36-db83eb27c401.zip.7z,3,scarra.pkl,29121137
1eb79dca-1ae4-4481-8002-0a4696b237f6.zip.7z,1,kingrichard.pkl,8154234
18893944-4954-412a-b93c-1bac14c67b7b.zip.7z,3,sacriel.pkl,20562269
18893944-4954-412a-b93c-1bac14c67b7b.zip.7z,3,tfue.pkl,20562269
18893944-4954-412a-b93c-1bac14c67b7b.zip.7z,3,kingrichard.pkl,20562269
a10aaf8f-8e5c-493b-aed7-0f99531654b3.zip.7z,3,sacriel.pkl,21770216
a10aaf8f-8e5c-493b-aed7-0f99531654b3.zip.7z,3,bmkibler.pkl,21770216
a10aaf8f-8e5c-493b-aed7-0f99531654b3.zip.7z,3,kinggothalion.pkl,21770216
116e4ea0-ecfa-4c8e-a11a-1f9d2cd146c8.zip.7z,3,bmkibler.pkl,25518973
116e4ea0-ecfa-4c8e-a11a-1f9d2cd146c8.zip.7z,3,grimmmz.pkl,25518973
116e4ea0-ecfa-4c8e-a11a-1f9d2cd146c8.zip.7z,3,iwilldominate.pkl,25518973
7e436891-66a8-4edd-8cc3-738d2209cc83.zip.7z,1,iwilldominate.pkl,11624702
0725c877-48e6-4566-ab66-e2429c4d7aff.zip.7z,2,followgrubby.pkl,17215056
0725c877-48e6-4566-ab66-e2429c4d7aff.zip.7z,2,kingrichard.pkl,17215056
89d0b12f-9155-490e-89c3-84cee679bdb6.zip.7z,1,scarra.pkl,11808758
b20dccdf-d889-4071-ab02-a9d83c3ec338.zip.7z,2,kinggothalion.pkl,28784347
b20dccdf-d889-4071-ab02-a9d83c3ec338.zip.7z,2,tsm_viss.pkl,28784347
96de49aa-7551-435f-9a2e-968ea9c72d4a.zip.7z,3,sacriel.pkl,28350063
96de49aa-7551-435f-9a2e-968ea9c72d4a.zip.7z,3,tsm_viss.pkl,28350063
96de49aa-7551-435f-9a2e-968ea9c72d4a.zip.7z,3,c9sneaky.pkl,28350063
5b60d2d1-f951-41a6-b2fd-d5a81e72e2cf.zip.7z,2,savjz.pkl,7455058
5b60d2d1-f951-41a6-b2fd-d5a81e72e2cf.zip.7z,2,bmkibler.pkl,7455058
adf76dd4-efb4-4d25-aa78-63dc0d5b2c7b.zip.7z,1,followgrubby.pkl,8911602
96e995e6-1123-4fdd-8d00-cc265aea0f54.zip.7z,1,savjz.pkl,4723843
